#,First Name,Last Name,Language,Gender
1,Harriet,Briggs,English (UK),Female
2,Bill,Parsons,English (UK),Male
3,Toby,Cameron,English (UK),Male
4,Lucy,Archer,English (UK),Female
5,Shannon,Owens,English (UK),Female
6,Zoe,Parsons,English (UK),Female
7,Laura,Atkins,English (UK),Female
8,Paige,Wall,English (UK),Female
9,Maya,Garner,English (UK),Female
10,Phoebe,Briggs,English (UK),Female
11,Brandan,May,English (UK),Male
12,Billy,May,English (UK),Male
13,Rosie,Moss,English (UK),Female
14,Abbi,Haynes,English (UK),Female
15,Amelie,Garner,English (UK),Female
16,Eleanor,Booth,English (UK),Female
17,William,Perkins,English (UK),Male
18,Morgan,Dobson,English (UK),Male
19,Lily,Harrison,English (UK),Female
20,Victoria,Bryan,English (UK),Female
21,Skye,Stokes,English (UK),Female
22,Ella,Bull,English (UK),Female
23,Maya,Atkins,English (UK),Female
24,Elliot,Dobson,English (UK),Male
25,Mary,Mellor,English (UK),Female
26,Hayden,Lucas,English (UK),Male
27,Elliot,Small,English (UK),Male
28,Kiera,Rees,English (UK),Female
29,Oliver,Giles,English (UK),Male
30,Aaliyah,Perry,English (UK),Female
